766192484, 9
766192485, 2
766192486, 3
766192487, 3
766192488, 2
766192489, 2
766192490, 2
766192491, 9
766192492, 5
766192493, 2
766192494, 2
766192495, 10
766192496, 8
766192497, 2
766192498, 0
766192499, 3
766192500, 10
766192501, 10
766192502, 5
766192503, 2
766192504, 9
766192505, 5
766192506, 9
766192507, 0
766192508, 10
766192509, 9
766192510, 3
766192511, 2
766192512, 9
766192513, 2
766192514, 8
766192515, 9
766192516, 2
766192517, 2
766192518, 0
766192519, 2
766192520, 2
766192521, 6
766192522, 5
766192523, 3
766192524, 9
766192525, 0
766192526, 9
766192527, 9
766192528, 2
766192529, 3
766192530, 5
766192531, 9
766192532, 10
766192533, 2
766192534, 3
766192535, 2
766192536, 2
766192537, 10
766192538, 8
766192539, 7
766192540, 3
766192541, 2
766192542, 2
766192543, 9
766192544, 2
766192545, 2
766192546, 9
766192547, 2
766192548, 0
766192549, 9
766192550, 2
766192551, 9
766192552, 5
766192553, 9
766192554, 10
766192555, 3
766192556, 2
766192557, 10
766192558, 3
766192559, 3
766192560, 10
766192561, 10
766192562, 5
766192563, 3
766192564, 8
766192565, 9
766192566, 9
766192567, 2
766192568, 10
766192569, 0
766192570, 2
766192571, 6
766192572, 10
766192573, 5
766192574, 9
766192575, 3
766192576, 2
766192577, 2
766192578, 2
766192579, 5
766192580, 8
766192581, 9
766192582, 10
766192583, 10
766192585, 8
766192586, 5
766192587, 0
766192588, 5
766192589, 9
766192590, 2
766192591, 0
766192592, 8
766192593, 10
766192594, 0
766192595, 9
766192596, 10
766192597, 2
766192598, 3
766192599, 2
766192600, 5
766192601, 9
766192602, 2
766192603, 0
766192604, 2
766192605, 5
766192606, 2
766192607, 9
766192608, 2
766192609, 6
766192610, 0
766192611, 2
766192612, 10
766192613, 3
766192614, 3
766192615, 2
766192616, 10
766192617, 5
766192618, 3
766192619, 0
766192620, 1
766192621, 6
766192622, 3
766192623, 10
766192624, 9
766192625, 9
766192626, 5
766192627, 2
766192628, 5
766192629, 9
766192630, 6
766192631, 5
766192632, 5
766192633, 3
766192634, 9
766192635, 8
766192636, 2
766192637, 2
766192638, 2
766192639, 0
766192640, 5
766192641, 5
766192642, 2
766192643, 10
766192644, 6
766192645, 2
766192646, 6
766192647, 9
766192648, 10
766192649, 9
766192650, 10
766192651, 3
766192652, 7
766192653, 0
766192654, 0
766192655, 2
766192656, 9
766192657, 3
766192658, 2
766192659, 10
766192660, 5
766192661, 8
766192662, 2
766192663, 2
766192664, 8
766192665, 3
766192666, 2
766192667, 3
766192668, 9
766192669, 8
766192670, 2
766192671, 5
766192672, 3
766192673, 9
766192674, 2
766192675, 0
766192676, 10
766192677, 9
766192678, 10
766192679, 2
766192680, 2
766192681, 2
766192682, 3
766192683, 2
766192684, 9
766192685, 9
766192686, 10
766192687, 9
766192688, 3
766192689, 10
766192690, 2
766192691, 6
766192692, 2
766192693, 2
766192694, 10
766192695, 10
766192696, 2
766192697, 10
766192698, 8
766192699, 6
766192700, 9
766192701, 3
766192702, 10
766192703, 2
766192704, 2
766192705, 2
766192706, 3
766192707, 2
766192708, 10
766192709, 3
766192710, 5
766192711, 3
766192712, 10
766192713, 9
766192714, 0
766192715, 8
766192716, 2
766192717, 9
766192718, 6
766192719, 0
766192720, 9
766192721, 10
766192722, 3
766192723, 0
766192724, 6
766192725, 2
766192726, 2
766192727, 10
766192728, 10
766192729, 3
766192730, 2
766192731, 2
766192732, 0
766192733, 6
766192734, 2
766192735, 3
766192736, 9
766192737, 2
766192738, 5
766192739, 2
766192740, 3
766192741, 0
766192742, 2
766192743, 10
766192744, 6
766192745, 2
766192746, 0
766192747, 1
766192748, 3
766192749, 10
766192750, 2
766192751, 6
766192752, 10
766192753, 10
766192754, 3
766192755, 9
766192756, 9
766192757, 3
766192758, 2
766192759, 2
766192760, 3
766192761, 5
766192762, 2
766192763, 8
766192764, 9
766192765, 8
766192766, 2
766192767, 10
766192768, 9
766192769, 3
766192770, 10
766192771, 10
766192772, 7
766192773, 8
766192774, 3
766192775, 10
766192776, 2
766192777, 0
766192778, 0
766192779, 10
766192780, 2
766192781, 8
766192782, 10
766192783, 10
766192784, 3
766192785, 0
766192786, 5
766192787, 2
766192788, 10
766192789, 10
766192790, 2
766192791, 10
766192792, 6
766192793, 2
766192794, 9
766192795, 0
766192796, 5
766192797, 9
766192798, 10
766192799, 0
766192800, 3
766192801, 5
766192802, 2
766192803, 2
766192804, 10
766192805, 5
766192806, 0
766192807, 2
766192808, 2
766192809, 9
766192810, 2
766192811, 5
766192812, 9
766192813, 5
766192814, 8
766192815, 2
766192816, 5
766192817, 10
766192818, 9
766192819, 10
766192820, 9
766192821, 10
766192822, 3
766192823, 9
766192824, 2
766192825, 8
766192826, 2
766192827, 2
766192828, 3
766192829, 0
766192830, 3
766192831, 9
766192832, 5
766192833, 6
766192834, 2
766192835, 6
766192836, 2
766192837, 2
766192838, 0
766192839, 9
766192840, 5
766192841, 5
766192842, 5
766192843, 10
766192844, 9
766192845, 9
766192846, 10
766192847, 2
766192848, 0
766192849, 10
766192850, 5
766192851, 8
766192852, 10
766192853, 3
766192854, 5
766192855, 3
766192856, 0
766192857, 3
766192858, 9
766192859, 5
766192860, 5
766192861, 9
766192862, 2
766192863, 2
766192864, 3
766192865, 2
766192866, 2
766192867, 9
766192868, 6
766192869, 10
766192870, 2
766192871, 2
766192872, 5
766192873, 9
766192874, 5
766192875, 3
766192876, 8
766192877, 9
766192878, 2
766192879, 9
766192880, 7
766192881, 10
766192882, 0
766192883, 10
766192884, 10
766192885, 2
766192886, 3
766192887, 2
766192888, 10
766192889, 5
766192890, 8
766192891, 10
766192892, 6
766192893, 2
766192894, 2
766192895, 3
766192896, 10
766192897, 2
766192898, 10
766192899, 9
766192900, 9
766192901, 10
766192902, 2
766192903, 2
766192904, 2
766192905, 10
766192906, 6
766192907, 2
766192908, 2
766192909, 8
766192910, 10
766192911, 3
766192912, 5
766192913, 3
766192914, 9
766192915, 0
766192916, 8
766192917, 4
766192918, 2
766192919, 9
766192920, 9
766192921, 9
766192922, 10
766192923, 3
766192924, 0
766192925, 9
766192926, 5
766192927, 9
766192928, 2
766192929, 9
766192930, 0
766192931, 10
766192932, 10
766192933, 10
766192934, 9
766192935, 5
766192936, 10
766192937, 5
766192938, 0
766192939, 2
766192940, 2
766192941, 5
766192942, 9
766192943, 2
766192944, 10
766192945, 9
766192946, 9
766192947, 5
766192948, 2
766192949, 0
766192950, 5
766192951, 0
766192952, 6
766192953, 5
766192954, 3
766192955, 3
766192956, 2
766192957, 3
766192958, 3
766192959, 2
766192960, 3
766192961, 3
766192962, 10
766192963, 10
766192964, 2
766192965, 2
766192966, 2
766192967, 5
766192968, 10
766192969, 5
766192970, 0
766192971, 9
766192972, 3
766192973, 9
766192974, 10
766192975, 3
766192976, 10
766192977, 2
766192978, 3
766192979, 2
766192980, 2
766192981, 2
766192982, 10
766192983, 2
766192984, 3
766192985, 10
766192986, 2
766192987, 3
766192988, 5
766192989, 2
766192990, 2
766192991, 0
766192992, 6
766192993, 6
766192994, 3
766192995, 10
766192996, 6
766192997, 5
766192998, 2
766192999, 8
766193000, 8
766193001, 3
766193002, 5
766193003, 10
766193004, 3
766193005, 6
766193006, 2
766193007, 2
766193008, 9
766193009, 6
766193010, 10
766193011, 5
766193012, 10
766193013, 5
766193014, 9
766193015, 8
766193016, 3
766193017, 0
766193018, 2
766193019, 9
766193020, 0
766193021, 9
766193022, 0
766193023, 9
766193024, 10
766193025, 10
766193026, 5
766193027, 6
766193028, 3
766193029, 3
766193030, 2
766193031, 3
766193032, 2
766193033, 10
766193034, 10
766193035, 8
766193036, 3
766193037, 3
766193038, 5
766193039, 0
766193040, 5
766193041, 2
766193042, 2
766193043, 2
766193044, 10
766193045, 10
766193046, 8
766193047, 8
766193048, 2
766193049, 5
766193050, 0
766193051, 2
766193052, 3
766193053, 3
766193054, 0
766193055, 2
766193056, 3
766193057, 3
766193058, 5
766193059, 0
766193060, 3
766193061, 2
766193062, 10
766193063, 5
766193064, 2
766193065, 9
766193066, 10
766193067, 2
766193068, 2
766193069, 6
766193070, 10
766193071, 6
766193072, 8
766193073, 3
766193074, 2
766193075, 0
766193076, 3
766193077, 3
766193078, 10
766193079, 9
766193080, 5
766193081, 10
766193082, 3
766193083, 2
766193084, 0
766193085, 10
766193086, 10
766193087, 2
766193088, 0
766193089, 2
766193090, 10
766193091, 2
766193092, 6
766193093, 0
766193094, 2
766193095, 2
766193096, 5
766193097, 5
766193098, 2
766193099, 9
766193100, 10
766193101, 3
766193102, 3
766193103, 9
766193104, 8
766193105, 2
766193106, 2
766193107, 8
766193108, 9
766193109, 8
766193110, 9
766193111, 0
766193112, 6
766193113, 2
766193114, 9
766193115, 10
766193116, 2
766193117, 2
766193118, 5
766193119, 0
766193120, 8
766193121, 10
766193122, 10
766193123, 3
766193124, 5
766193125, 9
766193126, 6
766193127, 9
766193128, 10
766193129, 8
766193130, 10
766193131, 5
766193132, 2
766193133, 2
766193134, 2
766193135, 5
766193136, 2
766193137, 3
766193138, 3
766193139, 5
766193140, 9
766193141, 5
766193142, 2
766193143, 3
766193144, 9
766193145, 3
766193146, 6
766193147, 5
766193148, 3
766193149, 10
766193150, 8
766193151, 3
766193152, 5
766193153, 6
766193154, 5
766193155, 3
766193156, 10
766193157, 0
766193158, 10
766193159, 9
766193160, 9
766193161, 9
766193162, 6
766193163, 3
766193164, 0
766193165, 8
766193166, 2
766193167, 2
766193168, 2
766193169, 3
766193170, 9
766193171, 9
766193172, 3
766193173, 2
766193174, 2
766193175, 0
766193176, 2
766193177, 8
766193178, 5
766193179, 9
766193180, 0
766193181, 2
766193182, 3
766193183, 10
766193184, 9
766193185, 10
766193186, 3
766193187, 9
766193188, 3
766193189, 9
766193190, 2
766193191, 10
766193192, 5
766193193, 9
766193194, 10
766193195, 2
766193196, 2
766193197, 9
766193198, 9
766193199, 5
766193200, 9
766193201, 9
766193202, 2
766193203, 5
766193204, 2
766193205, 5
766193206, 2
766193207, 3
766193208, 2
766193209, 2
766193210, 10
766193211, 6
766193212, 10
766193213, 10
766193214, 0
766193215, 6
766193216, 2
766193217, 5
766193218, 2
766193219, 2
766193220, 3
766193221, 0
766193222, 2
766193223, 6
766193224, 6
766193225, 3
766193226, 2
766193227, 2
766193228, 3
766193229, 10
766193230, 10
766193231, 2
766193232, 9
766193233, 0
766193234, 8
766193235, 2
766193236, 0
766193237, 8
766193238, 0
766193239, 0
766193240, 8
766193241, 2
766193242, 3
766193243, 0
766193244, 9
766193245, 3
766193246, 6
766193247, 3
766193248, 10
766193249, 5
766193250, 2
766193251, 3
766193252, 9
766193253, 9
766193254, 10
766193255, 3
766193256, 9
766193257, 3
766193258, 0
766193259, 2
766193260, 9
766193261, 0
766193262, 0
766193263, 2
766193264, 3
766193265, 2
766193266, 6
766193267, 9
766193268, 2
766193269, 2
766193270, 2
766193271, 2
766193272, 5
766193273, 10
766193274, 2
766193275, 0
766193276, 3
766193277, 6
766193278, 9
766193279, 6
766193280, 5
766193281, 10
766193282, 10
766193283, 10
766193284, 5
766193285, 3
766193286, 6
766193287, 10
766193288, 9
766193289, 2
766193290, 6
766193291, 3
766193292, 6
766193293, 10
766193294, 9
766193295, 3
766193296, 2
766193297, 9
766193298, 5
766193299, 10
766193300, 0
766193301, 5
766193302, 2
766193303, 10
766193304, 2
766193305, 6
766193306, 3
766193307, 2
766193308, 2
766193309, 9
766193310, 10
766193311, 3
766193312, 3
766193313, 9
766193314, 2
766193315, 5
766193316, 10
766193317, 3
766193318, 5
766193319, 9
766193320, 2
766193321, 1
766193322, 2
766193323, 6
766193324, 10
766193325, 2
766193326, 3
766193327, 9
766193328, 10
766193329, 10
766193330, 9
766193331, 10
766193332, 6
766193333, 0
766193334, 9
766193335, 10
766193336, 9
766193337, 2
766193338, 0
766193339, 2
766193340, 2
766193341, 9
766193342, 2
766193343, 10
766193344, 10
766193345, 5
766193346, 10
766193347, 5
766193348, 5
766193349, 0
766193350, 2
766193351, 3
766193352, 5
766193353, 6
766193354, 3
766193355, 6
766193356, 2
766193357, 10
766193358, 5
766193359, 10
766193360, 3
766193361, 3
766193362, 10
766193363, 6
766193364, 10
766193365, 2
766193366, 3
766193367, 2
766193368, 6
766193369, 2
766193370, 10
766193371, 9
766193372, 5
766193373, 2
766193374, 5
766193375, 10
766193376, 3
766193377, 3
766193378, 2
766193379, 10
766193380, 2
766193381, 8
766193382, 3
766193383, 9
766193384, 2
766193385, 2
766193386, 3
766193387, 3
766193388, 9
766193389, 10
766193390, 1
766193391, 8
766193392, 5
766193393, 10
766193394, 2
766193395, 9
766193396, 9
766193397, 9
766193398, 9
766193399, 3
766193400, 5
766193401, 2
766193402, 8
766193403, 10
766193404, 3
766193405, 5
766193406, 10
766193407, 1
766193408, 8
766193409, 9
766193410, 6
766193411, 5
766193412, 2
766193413, 10
766193414, 9
766193415, 9
766193416, 6
766193417, 2
766193418, 5
766193419, 3
766193420, 2
766193421, 10
766193422, 2
766193423, 2
766193424, 6
766193425, 10
766193426, 9
766193427, 9
766193428, 2
766193429, 5
766193430, 10
766193431, 0
766193432, 2
766193433, 3
766193434, 6
766193435, 2
766193436, 0
766193437, 2
766193438, 9
766193439, 10
766193440, 8
766193441, 2
766193442, 5
766193443, 2
766193444, 9
766193445, 2
766193446, 0
766193447, 2
766193448, 8
766193449, 2
766193450, 5
766193451, 10
766193452, 0
766193453, 8
766193454, 0
766193455, 6
766193456, 3
766193457, 5
766193458, 2
766193459, 2
766193460, 10
766193461, 10
766193462, 8
766193463, 0
766193464, 5
766193465, 2
766193466, 6
766193467, 2
766193468, 5
766193469, 8
766193470, 2
766193471, 2
766193472, 0
766193473, 10
766193474, 2
766193475, 0
766193476, 2
766193477, 9
766193478, 8
766193479, 2
766193480, 10
766193481, 8
766193482, 0
766193483, 10
766193484, 5
766193485, 9
766193486, 2
766193487, 10
766193488, 9
766193489, 2
766193490, 10
766193491, 10
766193492, 9
766193493, 0
766193494, 2
766193495, 10
766193496, 3
766193497, 3
766193498, 2
766193499, 10
766193500, 9
766193501, 3
766193502, 2
766193503, 10
766193504, 10
766193505, 2
766193506, 2
766193507, 2
766193508, 5
766193509, 2
766193510, 3
766193511, 9
766193512, 9
766193513, 5
766193514, 3
766193515, 3
766193516, 6
766193517, 2
766193518, 2
766193519, 9
766193520, 2
766193521, 5
766193522, 5
766193523, 10
766193524, 3
766193525, 2
766193526, 0
766193527, 10
766193528, 3
766193529, 2
766193530, 10
766193531, 10
766193532, 0
766193533, 0
766193534, 3
766193535, 10
766193536, 6
766193537, 5
766193538, 2
766193539, 3
766193540, 0
766193541, 5
766193542, 3
766193543, 5
766193544, 3
766193545, 10
766193546, 2
766193547, 0
766193548, 8
766193549, 3
766193550, 9
766193551, 10
766193552, 2
766193553, 2
766193554, 5
766193555, 5
766193556, 2
766193557, 6
766193558, 0
766193559, 6
766193560, 8
766193561, 2
766193562, 10
766193563, 0
766193564, 0
766193565, 10
766193566, 2
766193567, 9
766193568, 0
766193569, 2
766193570, 3
766193571, 0
766193572, 9
766193573, 6
766193574, 3
766193575, 5
766193576, 10
766193577, 0
766193578, 0
766193579, 9
766193580, 8
766193581, 10
766193582, 2
766193583, 6
766193584, 3
766193585, 9
766193586, 9
766193587, 2
766193588, 0
766193589, 10
766193590, 5
766193591, 10
766193592, 2
766193593, 9
766193594, 9
766193595, 6
766193596, 2
766193597, 10
766193598, 9
766193599, 10
766193600, 9
766193601, 9
766193602, 0
766193603, 5
766193604, 3
766193605, 2
766193606, 6
766193607, 2
766193608, 3
766193609, 6
766193610, 5
766193611, 2
766193612, 3
766193613, 6
766193614, 0
766193615, 6
766193616, 5
766193617, 9
766193618, 6
766193619, 2
766193620, 3
766193621, 0
766193622, 3
766193623, 5
766193624, 10
766193625, 3
766193626, 3
766193627, 0
766193628, 2
766193629, 2
766193630, 8
766193631, 10
766193632, 2
766193633, 10
766193634, 8
766193635, 10
766193636, 0
766193637, 9
766193638, 2
766193639, 9
766193640, 5
766193641, 0
766193642, 0
766193643, 10
766193644, 8
766193645, 5
766193646, 3
766193647, 9
766193648, 2
766193649, 6
766193650, 0
766193651, 2
766193652, 7
766193653, 10
766193654, 3
766193655, 5
766193656, 10
766193657, 10
766193658, 3
766193659, 3
766193660, 9
766193661, 5
766193662, 10
766193663, 0
766193664, 2
766193665, 3
766193666, 3
766193667, 9
766193668, 9
766193669, 6
766193670, 2
766193671, 3
766193672, 2
766193673, 9
766193674, 5
766193675, 3
766193676, 5
766193677, 9
766193678, 2
766193679, 0
766193680, 2
766193681, 2
766193682, 6
766193683, 2
766193684, 3
766193685, 2
766193686, 5
766193687, 3
766193688, 9
766193689, 2
766193690, 2
766193691, 9
766193692, 3
766193693, 3
766193694, 9
766193695, 0
766193696, 5
766193697, 2
766193698, 9
766193699, 9
766193700, 2
766193701, 2
766193702, 10
766193703, 8
766193704, 5
766193705, 10
766193706, 2
766193707, 0
766193708, 2
766193709, 5
766193710, 8
766193711, 3
766193712, 10
766193713, 10
766193714, 9
766193715, 2
766193716, 2
766193717, 10
766193718, 3
766193719, 2
766193720, 2
766193721, 9
766193722, 10
766193723, 3
766193724, 2
766193725, 5
766193726, 9
766193727, 3
766193728, 9
766193729, 9
766193730, 6
766193731, 8
766193732, 10
766193733, 10
766193734, 5
766193735, 10
766193736, 3
766193737, 3
766193738, 2
766193739, 9
766193740, 3
766193741, 6
766193742, 10
766193743, 2
766193744, 2
766193745, 10
766193746, 10
766193747, 8
766193748, 9
766193749, 2
766193750, 9
766193751, 2
766193752, 5
766193753, 9
766193754, 8
766193755, 2
766193756, 10
766193757, 5
766193758, 2
766193759, 9
766193760, 9
766193761, 10
766193762, 0
766193763, 8
766193764, 9
766193765, 2
766193766, 9
766193767, 0
766193768, 9
766193769, 0
766193770, 9
766193771, 2
766193772, 5
766193773, 8
766193774, 3
766193775, 6
766193776, 3
766193777, 2
766193778, 0
766193779, 6
766193780, 2
766193781, 9
766193782, 0
766193783, 2
766193784, 3
766193785, 2
766193786, 9
766193787, 8
766193788, 8
766193789, 3
766193790, 2
766193791, 10
766193792, 2
766193793, 10
766193794, 2
766193795, 10
766193796, 10
766193797, 2
766193798, 10
766193799, 5
766193800, 8
766193801, 2
766193802, 10
766193803, 3
766193804, 8
766193805, 9
766193806, 8
766193807, 6
766193808, 3
766193809, 9
766193810, 8
766193811, 2
766193812, 9
766193813, 9
766193814, 3
766193815, 9
766193816, 9
766193817, 10
766193818, 3
766193819, 0
766193820, 2
766193821, 3
766193822, 6
766193823, 9
766193824, 5
766193825, 2
766193826, 9
766193827, 2
766193828, 2
766193829, 10
766193830, 3
766193831, 3
766193832, 9
766193833, 2
766193834, 2
766193835, 8
766193836, 2
766193837, 10
766193838, 10
766193839, 0
766193840, 2
766193841, 0
766193842, 5
766193843, 9
766193844, 5
766193845, 5
766193846, 0
766193847, 9
766193848, 2
766193849, 2
766193850, 5
766193851, 2
766193852, 3
766193853, 2
766193854, 2
766193855, 5
766193856, 6
766193857, 6
766193858, 3
766193859, 2
766193860, 0
766193861, 3
766193862, 3
766193863, 9
766193864, 6
766193865, 2
766193866, 2
766193867, 10
766193868, 0
766193869, 2
766193870, 10
766193871, 10
766193872, 2
766193873, 0
766193874, 9
766193875, 10
766193876, 3
766193877, 0
766193878, 10
766193879, 3
766193880, 10
766193881, 0
766193882, 8
766193883, 5
766193884, 2
766193885, 3
766193886, 3
766193887, 2
766193888, 10
766193889, 5
766193890, 8
766193891, 2
766193892, 3
766193893, 2
766193894, 8
766193895, 10
766193896, 2
766193897, 5
766193898, 3
766193899, 2
766193900, 9
766193901, 2
766193902, 10
766193903, 3
766193904, 2
766193905, 9
766193906, 2
766193907, 9
766193908, 7
766193909, 6
766193910, 8
766193911, 2
766193912, 10
766193913, 2
766193914, 3
766193915, 2
766193916, 2
766193917, 5
766193918, 2
766193919, 9
766193920, 8
766193921, 5
766193922, 8
766193923, 9
766193924, 3
766193925, 0
766193926, 0
766193927, 2
766193928, 9
766193929, 8
766193930, 6
766193931, 3
766193932, 2
766193933, 8
766193934, 10
766193935, 2
766193936, 10
766193937, 5
766193938, 6
766193939, 2
766193940, 6
766193941, 9
766193942, 5
766193943, 10
766193944, 10
766193945, 2
766193946, 10
766193947, 8
766193948, 10
766193949, 10
766193950, 0
766193951, 2
766193952, 2
766193953, 5
766193954, 6
766193955, 5
766193956, 2
766193957, 2
766193958, 5
766193959, 5
766193960, 2
766193961, 2
766193962, 10
766193963, 8
766193964, 9
766193965, 2
766193966, 10
766193967, 5
766193968, 8
766193969, 2
766193970, 10
766193971, 2
766193972, 2
766193973, 3
766193974, 2
766193975, 8
766193976, 9
766193977, 3
766193978, 9
766193979, 0
766193980, 8
766193981, 6
766193982, 0
766193983, 2
766193984, 0
766193985, 2
766193986, 5
766193987, 10
766193988, 8
766193989, 9
766193990, 5
766193991, 2
766193992, 5
766193993, 9
766193994, 5
766193995, 9
766193996, 2
766193997, 2
766193998, 10
766193999, 7
766194000, 2
766194001, 2
766194002, 3
766194003, 9
766194004, 9
766194005, 5
766194006, 6
766194007, 6
766194008, 3
766194009, 9
766194010, 6
766194011, 2
766194012, 5
766194013, 3
766194014, 9
766194015, 9
766194016, 2
766194017, 2
766194018, 9
766194019, 5
766194020, 9
766194021, 0
766194022, 6
766194023, 10
766194024, 2
766194025, 3
766194026, 2
766194027, 2
766194028, 8
766194029, 5
766194030, 2
766194031, 8
766194032, 5
766194033, 2
766194034, 2
766194035, 10
766194036, 10
766194037, 2
766194038, 8
766194039, 2
766194040, 10
766194041, 2
766194042, 0
766194043, 10
766194044, 10
766194045, 3
766194046, 8
766194047, 2
766194048, 2
766194049, 5
766194050, 3
766194051, 5
766194052, 9
766194053, 2
766194054, 9
766194055, 2
766194056, 3
766194057, 10
766194058, 10
766194059, 5
766194060, 9
766194061, 2
766194062, 3
766194063, 0
766194064, 2
766194065, 8
766194066, 8
766194067, 2
766194068, 0
766194069, 9
766194070, 3
766194071, 8
766194072, 2
766194073, 2
766194074, 2
766194075, 10
766194076, 6
766194077, 5
766194078, 3
766194079, 3
766194080, 3
766194081, 0
766194082, 10
766194083, 2
766194084, 6
766194085, 2
766194086, 9
766194087, 6
766194088, 9
766194089, 3
766194090, 10
766194091, 10
766194092, 2
766194093, 10
766194094, 0
766194095, 2
766194096, 2
766194097, 8
766194098, 9
766194099, 8
766194100, 2
766194101, 2
766194102, 2
766194103, 2
766194104, 10
766194105, 2
766194106, 8
766194107, 10
766194108, 6
766194109, 2
766194110, 6
766194111, 9
766194112, 10
766194113, 9
766194114, 2
766194115, 3
766194116, 10
766194117, 9
766194118, 6
766194119, 9
766194120, 2
766194121, 2
766194122, 10
766194123, 2
766194124, 5
766194125, 3
766194126, 3
766194127, 5
766194128, 7
766194129, 2
766194130, 0
766194131, 3
766194132, 9
766194133, 9
766194134, 2
766194135, 2
766194136, 2
766194137, 0
766194138, 9
766194139, 2
766194140, 2
766194141, 0
766194142, 2
766194143, 2
766194144, 0
766194145, 0
766194146, 8
766194147, 3
766194148, 8
766194149, 0
766194150, 2
766194151, 10
766194152, 9
766194153, 9
766194154, 2
766194155, 5
766194156, 6
766194157, 2
766194158, 2
766194159, 8
766194160, 3
766194161, 2
766194162, 10
766194163, 10
766194164, 0
766194165, 5
766194166, 3
766194167, 9
766194168, 2
766194169, 3
766194170, 2
766194171, 2
766194172, 10
766194173, 0
766194174, 5
766194175, 3
766194176, 3
766194177, 9
766194178, 8
766194179, 7
766194180, 2
766194181, 2
766194182, 8
766194183, 8
766194184, 10
766194185, 3
766194186, 10
766194187, 8
766194188, 2
766194189, 8
766194190, 3
766194191, 8
766194192, 10
766194193, 2
766194194, 3
766194195, 2
766194196, 3
766194197, 6
766194198, 10
766194199, 2
766194200, 9
766194201, 10
766194202, 3
766194203, 2
766194204, 10
766194205, 2
766194206, 2
766194207, 9
766194208, 2
766194209, 3
766194210, 2
766194211, 10
766194212, 9
766194213, 10
766194214, 1
766194215, 2
766194216, 5
766194217, 5
766194218, 10
766194219, 3
766194220, 10
766194221, 2
766194222, 3
766194223, 9
766194224, 0
766194225, 2
766194226, 9
766194227, 2
766194228, 2
766194229, 6
766194230, 6
766194231, 8
766194232, 5
766194233, 3
766194234, 3
766194235, 9
766194236, 6
766194237, 0
766194238, 8
766194239, 9
766194240, 7
766194241, 0
766194242, 10
766194243, 0
766194244, 2
766194245, 0
766194246, 6
766194247, 10
766194248, 2
766194249, 9
766194250, 3
766194251, 2
766194252, 10
766194253, 5
766194254, 2
766194255, 4
766194256, 9
766194257, 0
766194258, 10
766194259, 5
766194260, 10
766194261, 10
766194262, 3
766194263, 9
766194264, 3
766194265, 2
766194266, 9
766194267, 6
766194268, 10
766194269, 9
766194270, 9
766194271, 6
766194272, 6
766194273, 3
766194274, 3
766194275, 5
766194276, 2
766194277, 9
766194278, 10
766194279, 0
766194280, 3
766194281, 2
766194282, 5
766194283, 8
766194284, 2
766194285, 9
766194286, 3
766194287, 10
766194288, 3
766194289, 5
766194290, 5
766194291, 9
766194292, 2
766194293, 3
766194294, 2
766194295, 9
766194296, 0
766194297, 5
766194298, 6
766194299, 0
766194300, 3
766194301, 6
766194302, 9
766194303, 8
766194304, 5
766194305, 9
766194306, 9
766194307, 2
766194308, 2
766194309, 8
766194310, 5
766194311, 3
766194312, 2
766194313, 3
766194314, 7
766194315, 2
766194316, 2
766194317, 0
766194318, 5
766194319, 0
766194320, 2
766194321, 2
766194322, 3
766194323, 3
766194324, 9
766194325, 2
766194326, 10
766194327, 2
766194328, 0
766194329, 2
766194330, 9
766194331, 8
766194332, 3
766194333, 10
766194334, 2
766194335, 8
766194336, 2
766194337, 2
766194338, 2
766194339, 2
766194340, 6
766194341, 3
766194342, 2
766194343, 2
766194344, 8
766194345, 9
766194346, 10
766194347, 5
766194348, 5
766194349, 5
766194350, 2
766194351, 10
766194352, 6
766194353, 6
766194354, 3
766194355, 9
766194356, 2
766194357, 3
766194358, 2
766194359, 2
766194360, 3
766194361, 5
766194362, 0
766194363, 2
766194364, 6
766194365, 9
766194366, 3
766194367, 3
766194368, 3
766194369, 9
766194370, 3
766194371, 9
766194372, 0
766194373, 0
766194374, 3
766194375, 2
766194376, 5
766194377, 9
766194378, 10
766194379, 0
766194380, 5
766194381, 2
766194382, 2
766194383, 9
766194384, 2
766194386, 3
766194387, 2
766194388, 10
766194389, 2
766194390, 2
766194391, 6
766194392, 2
766194393, 5
766194394, 0
766194395, 10
766194396, 0
766194397, 10
766194398, 9
766194399, 2
766194400, 6
766194401, 0
766194402, 10
766194403, 3
766194404, 9
766194405, 6
766194406, 10
766194407, 6
766194408, 2
766194409, 10
766194410, 2
766194411, 2
766194412, 10
766194413, 10
766194414, 4
766194415, 2
766194416, 2
766194417, 6
766194418, 10
766194419, 0
766194420, 3
766194421, 9
766194422, 8
766194423, 2
766194424, 2
766194425, 8
766194426, 0
766194427, 8
766194428, 2
766194429, 2
766194430, 9
766194431, 2
766194432, 2
766194433, 2
766194434, 2
766194435, 3
766194436, 10
766194437, 2
766194438, 3
766194439, 2
766194440, 10
766194441, 9
766194442, 9
766194443, 10
766194444, 5
766194445, 2
766194446, 2
766194447, 2
766194448, 5
766194449, 9
766194450, 2
766194451, 9
766194452, 8
766194453, 5
766194454, 9
766194455, 9
766194456, 5
766194457, 3
766194458, 9
766194459, 0
766194460, 5
766194461, 3
766194462, 2
766194463, 9
766194464, 3
766194465, 1
766194466, 2
766194467, 10
766194468, 3
766194469, 3
766194470, 2
766194471, 2
766194472, 2
766194473, 9
766194474, 2
766194475, 2
766194476, 2
766194477, 5
766194478, 9
766194479, 6
766194480, 0
766194481, 10
766194482, 3
766194483, 2
766194484, 10
766194485, 10
766194486, 2
766194487, 3
766194488, 2
766194489, 2
766194490, 8
766194491, 2
766194492, 2
766194493, 9
766194494, 2
766194495, 10
766194496, 3
766194497, 0
766194498, 6
766194499, 10
766194500, 6
766194501, 2
766194502, 9
766194503, 9
766194504, 2
766194505, 2
766194506, 2
766194507, 2
766194508, 6
766194509, 6
766194510, 2
766194511, 6
766194512, 5
766194513, 10
766194514, 9
766194515, 9
766194516, 2
766194517, 10
766194518, 3
766194519, 2
766194520, 2
766194521, 2
766194522, 2
766194523, 8
766194524, 3
766194525, 9
766194526, 10
766194527, 6
766194528, 3
766194529, 5
766194530, 0
766194531, 3
766194532, 10
766194533, 3
766194534, 0
766194535, 2
766194536, 10
766194537, 5
766194538, 9
766194539, 9
766194540, 9
766194541, 10
766194542, 9
766194543, 10
766194544, 2
766194545, 2
766194546, 3
766194547, 3
766194548, 6
766194549, 0
766194550, 0
766194551, 0
766194552, 10
766194553, 2
766194554, 0
766194555, 5
766194556, 2
766194557, 9
766194558, 0
766194559, 2
766194560, 9
766194561, 2
766194562, 8
766194563, 10
766194564, 5
766194565, 2
766194566, 2
766194567, 5
766194568, 8
766194569, 10
766194570, 10
766194571, 2
766194572, 2
766194573, 6
766194574, 0
766194575, 0
766194576, 9
766194577, 10
766194578, 0
766194579, 5
766194580, 10
766194581, 2
766194582, 0
766194583, 9
766194584, 10
766194585, 2
766194586, 0
766194587, 3
766194588, 5
766194589, 3
766194590, 2
766194591, 2
766194592, 3
766194593, 0
766194594, 5
766194595, 2
766194596, 2
766194597, 9
766194598, 5
766194599, 3
766194600, 2
766194601, 5
766194602, 9
766194603, 5
766194604, 9
766194605, 2
766194606, 0
766194607, 3
766194608, 9
766194609, 5
766194610, 9
766194611, 2
766194612, 3
766194613, 0
766194614, 0
766194615, 3
766194616, 5
766194617, 10
766194618, 10
766194619, 2
766194620, 0
766194621, 2
766194622, 2
766194623, 10
766194624, 3
766194625, 2
766194626, 2
766194627, 9
766194628, 2
766194629, 5
766194630, 2
766194631, 3
766194632, 10
766194633, 3
766194634, 10
766194635, 2
766194636, 9
766194637, 9
766194638, 3
766194639, 10
766194640, 10
766194641, 10
766194642, 8
766194643, 2
766194644, 3
766194645, 10
766194646, 3
766194647, 3
766194648, 2
766194649, 3
766194650, 0
766194651, 2
766194652, 0
766194653, 3
766194654, 2
766194655, 3
766194656, 2
766194657, 2
766194658, 0
766194659, 2
766194660, 9
766194661, 8
766194662, 2
766194663, 3
766194664, 10
766194665, 5
766194666, 6
766194667, 0
766194668, 8
766194669, 1
766194670, 5
766194671, 2
766194672, 2
766194673, 8
766194674, 2
766194675, 2
766194676, 3
766194677, 2
766194678, 10
766194679, 5
766194680, 5
766194681, 5
766194682, 9
766194683, 3
766194684, 2
766194685, 10
766194686, 2
766194687, 2
766194688, 2
766194689, 3
766194690, 8
766194691, 10
766194692, 2
766194693, 0
766194694, 5
766194695, 2
766194696, 8
766194697, 0
766194698, 2
766194699, 8
766194700, 3
766194701, 2
766194702, 2
766194703, 10
766194704, 10
766194705, 9
766194706, 10
766194707, 2
766194708, 6
766194709, 5
766194710, 9
766194711, 3
766194712, 5
766194713, 5
766194714, 10
766194715, 10
766194716, 3
766194717, 2
766194718, 10
766194719, 8
766194720, 5
766194721, 2
766194722, 6
766194723, 9
766194724, 0
766194725, 10
766194726, 5
766194727, 2
766194728, 2
766194729, 10
766194730, 9
766194731, 10
766194732, 6
766194733, 9
766194734, 2
766194735, 8
766194736, 2
766194737, 2
766194738, 2
766194739, 10
766194740, 2
766194741, 3
766194742, 10
766194743, 9
766194744, 9
766194745, 9
766194746, 5
766194747, 2
766194748, 10
766194749, 6
766194750, 3
766194751, 10
766194752, 9
766194753, 2
766194754, 10
766194755, 10
766194756, 2
766194757, 5
766194758, 0
766194759, 9
766194760, 6
766194761, 10
766194762, 2
766194763, 3
766194764, 3
766194765, 10
766194766, 2
766194767, 3
766194768, 3
766194769, 5
766194770, 2
766194771, 0
766194772, 2
766194773, 0
766194774, 2
766194775, 0
766194776, 2
766194777, 7
766194778, 10
766194779, 10
766194780, 9
766194781, 9
766194782, 0
766194783, 8
766194784, 9
766194785, 0
766194786, 10
766194787, 0
766194788, 10
766194789, 6
766194790, 3
766194791, 2
766194792, 2
766194793, 3
766194794, 10
766194795, 6
766194796, 6
766194797, 2
766194798, 5
766194799, 2
766194800, 10
766194801, 10
766194802, 3
766194803, 3
766194804, 10
766194805, 3
766194806, 2
766194807, 9
766194808, 10
766194809, 0
766194810, 5
766194811, 8
766194812, 2
766194813, 0
766194814, 0
766194815, 3
766194816, 2
766194817, 2
766194818, 2
766194819, 10
766194820, 3
766194821, 5
766194822, 2
766194823, 2
766194824, 9
766194825, 9
766194826, 3
766194827, 9
766194828, 2
766194829, 8
766194830, 10
766194831, 2
766194832, 2
766194833, 10
766194834, 5
766194835, 2
766194836, 3
766194837, 3
766194838, 2
766194839, 9
766194840, 9
766194841, 2
766194842, 0
766194843, 9
766194844, 5
766194845, 9
766194846, 2
766194847, 3
766194848, 9
766194849, 2
766194850, 10
766194851, 6
766194852, 2
766194853, 5
766194854, 2
766194855, 8
766194856, 7
766194857, 10
766194858, 0
766194859, 2
766194860, 9
766194861, 8
766194862, 10
766194863, 0
766194864, 2
766194865, 6
766194866, 0
766194867, 5
766194868, 8
766194869, 3
766194870, 10
766194871, 8
766194872, 9
766194873, 8
766194874, 3
766194875, 6
766194876, 3
766194877, 3
766194878, 6
766194879, 3
766194880, 9
766194881, 10
766194882, 2
766194883, 0
766194884, 0
766194885, 2
766194886, 10
766194887, 10
766194888, 2
766194889, 3
766194890, 8
766194891, 2
766194892, 3
766194893, 0
766194894, 9
766194895, 2
766194896, 2
766194897, 5
766194898, 9
766194899, 0
766194900, 2
766194901, 2
766194902, 8
766194903, 5
766194904, 0
766194905, 6
766194906, 6
766194907, 3
766194908, 3
766194909, 6
766194910, 2
766194911, 5
766194912, 10
766194913, 8
766194914, 9
766194915, 6
766194916, 8
766194917, 6
766194918, 3
766194919, 10
766194920, 2
766194921, 9
766194922, 9
766194923, 3
766194924, 6
766194925, 2
766194926, 0
766194927, 10
766194928, 9
766194929, 0
766194930, 3
766194931, 6
766194932, 8
766194933, 2
766194934, 6
766194935, 9
766194936, 3
766194937, 5
766194938, 3
766194939, 9
766194940, 0
766194941, 3
766194942, 9
766194943, 9
766194944, 9
766194945, 5
766194946, 5
766194947, 9
766194948, 3
766194949, 2
766194950, 2
766194951, 2
766194952, 10
766194953, 5
766194954, 6
766194955, 10
766194956, 8
766194957, 6
766194958, 9
766194959, 3
766194960, 9
766194961, 9
766194962, 8
766194963, 5
766194964, 8
766194965, 2
766194966, 9
766194967, 10
766194968, 9
766194969, 8
766194970, 9
766194971, 2
766194972, 5
766194973, 2
766194974, 3
766194975, 0
766194976, 2
766194977, 2
766194978, 10
766194979, 5
766194980, 10
766194981, 10
766194982, 10
766194983, 2
766194984, 2
766194985, 10
766194986, 3
766194987, 1
766194988, 6
766194989, 6
766194990, 1
766194991, 1
766194992, 1
766194993, 3
766194994, 3
766194995, 1
766194996, 1
766194997, 1
766194998, 8
766194999, 6
766195000, 1
766195001, 3
766195002, 3
766195003, 1
766195004, 1
766195005, 5
766195006, 8
766195007, 5
766195008, 1
766195009, 5
766195010, 5
766195011, 1
766195012, 1
766195013, 8
766195014, 0
766195015, 0
766195016, 0
766195017, 6
766195018, 6
766195019, 0
766195020, 1
766195021, 1
766195022, 3
766195023, 6
766195024, 1
766195025, 5
766195026, 0
766195027, 5
766195028, 0
766195029, 1
766195030, 0
766195031, 1
766195032, 1
766195033, 8
766195034, 1
766195035, 6
766195036, 3
766195037, 8
766195038, 3
766195039, 6
766195040, 8
766195041, 3
766195042, 0
766195043, 6
766195044, 8
766195045, 3
766195046, 3
766195047, 0
766195048, 5
766195049, 10
766195050, 6
766195051, 0
766195052, 8
766195053, 8
766195054, 2
766195055, 0
766195056, 0
766195057, 0
766195058, 0
766195059, 0
766195060, 3
766195061, 3
766195062, 3
766195063, 6
766195064, 0
766195065, 0
766195066, 3
766195067, 8
766195068, 5
766195069, 0
766195070, 0
766195071, 8
766195072, 5
766195073, 0
766195074, 1
766195075, 0
766195076, 8
766195077, 9
766195078, 1
766195079, 1
766195080, 3
766195081, 6
766195082, 8
766195083, 6
766195084, 0
766195085, 0
766195086, 0
766195087, 1
766195088, 9
766195089, 1
766195090, 10
766195091, 10
766195092, 10
766195093, 8
766195094, 10
766195095, 0
766195096, 9
766195097, 0
766195098, 1
766195099, 6
766195100, 1
766195101, 2
766195102, 0
766195103, 10
766195104, 6
766195105, 5
766195106, 0
766195107, 5
766195108, 6
766195109, 6
766195110, 0
766195111, 6
766195112, 8
766195113, 3
766195114, 1
766195115, 3
766195116, 1
766195117, 3
766195118, 3
766195119, 3
766195120, 8
766195121, 6
766195122, 3
766195123, 0
766195124, 3
766195125, 1
766195126, 6
766195127, 3
766195128, 1
766195129, 6
766195130, 6
766195131, 3
766195132, 3
766195133, 5
766195134, 5
766195135, 6
766195136, 1
766195137, 6
766195138, 10
766195139, 3
766195140, 3
766195141, 8
766195142, 10
766195143, 3
766195144, 5
766195145, 1
766195146, 1
766195147, 3
766195148, 1
766195149, 6
766195150, 8
766195151, 1
766195152, 1
766195153, 10
766195154, 1
766195155, 1
766195156, 1
766195157, 1
766195158, 3
766195159, 6
766195160, 5
766195161, 1
766195162, 0
766195163, 6
766195164, 6
766195165, 0
766195166, 5
766195167, 1
766195168, 10
766195169, 1
766195170, 1
766195171, 1
766195172, 6
766195173, 1
766195174, 3
766195175, 0
766195176, 1
766195177, 1
766195178, 3
766195179, 0
766195180, 2
766195181, 6
766195182, 6
766195183, 3
766195184, 1
766195185, 3
766195186, 3
766195187, 3
766195188, 6
766195189, 0
766195190, 5
766195191, 3
766195192, 5
766195193, 0
766195194, 10
766195195, 6
766195196, 1
766195197, 1
766195198, 6
766195199, 1
766195200, 6
766195201, 1
766195202, 1
766195203, 6
766195204, 0
766195205, 1
766195206, 6
766195207, 1
766195208, 6
766195209, 3
766195210, 0
766195211, 6
766195212, 1
766195213, 6
766195214, 6
766195215, 6
766195216, 0
766195217, 0
766195218, 8
766195219, 1
766195220, 1
766195221, 1
766195222, 0
766195223, 3
766195224, 6
766195225, 1
766195226, 6
766195227, 1
766195228, 3
766195229, 1
766195230, 0
766195231, 3
766195232, 5
766195233, 5
766195234, 5
766195235, 3
766195236, 6
766195237, 3
766195238, 1
766195239, 5
766195240, 1
766195241, 1
766195242, 5
766195243, 1
766195244, 0
766195245, 1
766195246, 8
766195247, 0
766195248, 1
766195249, 3
766195250, 1
766195251, 6
766195252, 1
766195253, 0
766195254, 3
766195255, 3
766195256, 1
766195257, 3
766195258, 6
766195259, 1
766195260, 3
766195261, 9
766195262, 3
766195263, 0
766195264, 6
766195265, 6
766195266, 0
766195267, 0
766195268, 6
766195269, 8
766195270, 6
766195271, 6
766195272, 3
766195273, 1
766195274, 6
766195275, 5
766195276, 9
766195277, 10
766195278, 3
766195279, 1
766195280, 6
766195281, 6
766195282, 6
766195283, 0
766195284, 1
766195285, 8
766195286, 8
766195287, 3
766195288, 0
766195289, 6
766195290, 5
766195291, 3
766195292, 3
766195293, 1
766195294, 3
766195295, 3
766195296, 3
766195297, 5
766195298, 3
766195299, 5
766195300, 8
766195301, 0
766195302, 5
766195303, 6
766195304, 3
766195305, 2
766195306, 3
766195307, 3
766195308, 3
766195309, 3
766195310, 5
766195311, 0
766195312, 8
766195313, 8
766195314, 0
766195315, 3
766195316, 3
766195317, 3
766195318, 8
766195319, 6
766195320, 3
766195321, 3
766195322, 8
766195323, 3
766195324, 0
766195325, 6
766195326, 6
766195327, 1
766195328, 1
766195329, 1
766195330, 6
766195331, 6
766195332, 1
766195333, 1
766195334, 1
766195335, 6
766195336, 1
766195337, 5
766195338, 8
766195339, 0
766195340, 1
766195341, 6
766195342, 3
766195343, 1
766195344, 6
766195345, 1
766195346, 1
766195347, 5
766195348, 10
766195349, 6
766195350, 2
766195351, 6
766195352, 6
766195353, 6
766195354, 3
766195355, 1
766195356, 6
766195357, 6
766195358, 0
766195359, 9
766195360, 4
766195361, 6
766195362, 1
766195363, 1
766195364, 1
766195365, 3
766195366, 3
766195367, 9
766195368, 6
766195369, 3
766195370, 6
766195371, 6
766195372, 6
766195373, 5
766195374, 6
766195375, 6
766195376, 2
766195377, 1
766195378, 5
766195379, 10
766195380, 1
766195381, 0
766195382, 1
766195383, 1
766195384, 1
766195385, 1
766195386, 3
766195387, 1
766195388, 1
766195389, 0
766195390, 3
766195391, 3
766195392, 1
766195393, 5
766195394, 5
766195395, 3
766195396, 0
766195397, 1
766195398, 8
766195399, 3
766195400, 6
766195401, 0
766195402, 1
766195403, 6
766195404, 1
766195405, 8
766195406, 6
766195407, 6
766195408, 6
766195409, 3
766195410, 1
766195411, 3
766195412, 1
766195413, 5
766195414, 1
766195415, 6
766195416, 5
766195417, 6
766195418, 1
766195419, 3
766195420, 5
766195421, 6
766195422, 5
766195423, 5
766195424, 0
766195425, 5
766195426, 1
766195427, 3
766195428, 6
766195429, 8
766195430, 1
766195431, 1
766195432, 6
766195433, 1
766195434, 0
766195435, 1
766195436, 0
766195437, 1
766195438, 5
766195439, 5
766195440, 3
766195441, 0
766195442, 6
766195443, 6
766195444, 1
766195445, 6
766195446, 10
766195447, 6
766195448, 10
766195449, 0
766195450, 6
766195451, 3
766195452, 3
766195453, 5
766195454, 0
766195455, 10
766195456, 1
766195457, 6
766195458, 5
766195459, 8
766195460, 10
766195461, 8
766195462, 9
766195463, 3
766195464, 0
766195465, 0
766195466, 9
766195467, 3
766195468, 6
766195469, 5
766195470, 6
766195471, 9
766195472, 8
766195473, 5
766195474, 1
766195475, 8
766195476, 10
766195477, 7
766195478, 0
766195479, 10
766195480, 1
766195481, 10
766195482, 0
766195483, 0
766195484, 7
766195485, 10
766195486, 1
766195487, 7
766195488, 1
766195489, 8
766195490, 3
766195491, 5
766195492, 1
766195493, 0
766195494, 0
766195495, 3
766195496, 0
766195497, 3
766195498, 3
766195499, 1
766195500, 3
766195501, 3
766195502, 1
766195503, 0
766195504, 1
766195505, 6
766195506, 3
766195507, 6
766195508, 1
766195509, 0
766195510, 1
766195511, 1
766195512, 0
766195513, 1
766195514, 6
766195515, 3
766195516, 3
766195517, 3
766195518, 3
766195519, 6
766195520, 6
766195521, 1
766195522, 1
766195523, 1
766195524, 6
766195525, 1
766195526, 6
766195527, 6
766195528, 6
766195529, 1
766195530, 3
766195531, 6
766195532, 3
766195533, 0
766195534, 1
766195535, 9
766195536, 5
766195537, 3
766195538, 1
766195539, 5
766195540, 3
766195541, 2
766195542, 6
766195543, 6
766195544, 1
766195545, 0
766195546, 5
766195547, 6
766195548, 6
766195549, 3
766195550, 1
766195551, 6
766195552, 5
766195553, 0
766195554, 8
766195555, 0
766195556, 8
766195557, 1
766195558, 0
766195559, 0
766195560, 0
766195561, 0
766195562, 1
766195563, 0
766195564, 1
766195565, 0
766195566, 1
766195567, 6
766195568, 1
766195569, 5
766195570, 3
766195571, 0
766195572, 6
766195573, 1
766195574, 1
766195575, 0
766195576, 1
766195577, 3
766195578, 3
766195579, 5
766195580, 0
766195581, 3
766195582, 6
766195583, 5
766195584, 0
766195585, 0
766195586, 6
766195587, 1
766195588, 3
766195589, 3
766195590, 1
766195591, 3
766195592, 6
766195593, 2
766195594, 5
766195595, 0
766195596, 1
766195597, 1
766195598, 3
766195599, 6
766195600, 1
766195601, 0
766195602, 5
766195603, 1
766195604, 10
766195605, 6
766195606, 1
766195607, 0
766195608, 0
766195609, 6
766195610, 0
766195611, 0
766195612, 5
766195613, 5
766195614, 6
766195615, 5
766195616, 5
766195617, 1
766195618, 6
766195619, 3
766195620, 3
766195621, 1
766195622, 5
766195623, 1
766195624, 0
766195625, 1
766195626, 1
766195627, 6
766195628, 1
766195629, 1
766195630, 6
766195631, 0
766195632, 8
766195633, 1
766195634, 0
766195635, 3
766195636, 3
766195637, 1
766195638, 5
766195639, 3
766195640, 6
766195641, 3
766195642, 3
766195643, 3
766195644, 0
766195645, 0
766195646, 5
766195647, 5
766195648, 0
766195649, 1
766195650, 0
766195651, 8
766195652, 6
766195653, 3
766195654, 3
766195655, 1
766195656, 1
766195657, 0
766195658, 0
766195659, 10
766195660, 1
766195661, 6
766195662, 0
766195663, 1
766195664, 6
766195665, 1
766195666, 3
766195667, 6
766195668, 1
766195669, 10
766195670, 0
766195671, 6
766195672, 5
766195673, 5
766195674, 3
766195675, 6
766195676, 4
766195677, 1
766195678, 1
766195679, 6
766195680, 3
766195681, 0
766195682, 3
766195683, 3
766195684, 1
766195685, 6
766195686, 6
766195687, 5
766195688, 6
766195689, 1
766195690, 3
766195691, 3
766195692, 2
766195693, 6
766195694, 5
766195695, 1
766195696, 2
766195697, 3
766195698, 1
766195699, 0
766195700, 6
766195701, 6
766195702, 2
766195703, 6
766195704, 10
766195705, 5
766195706, 1
766195707, 6
766195708, 5
766195709, 1
766195710, 1
766195711, 0
766195712, 1
766195713, 1
766195714, 6
766195715, 6
766195716, 1
766195717, 1
766195718, 9
766195719, 3
766195720, 0
766195721, 0
766195722, 8
766195723, 2
766195724, 5
766195725, 2
766195726, 5
766195727, 9
766195728, 2
766195729, 8
766195730, 8
766195731, 1
766195732, 10
766195733, 2
766195734, 9
766195735, 9
766195736, 3
766195737, 2
766195738, 8
766195739, 9
766195740, 9
766195741, 0
766195742, 0
766195743, 8
766195744, 9
766195745, 6
766195746, 8
766195747, 1
766195748, 1
766195749, 8
766195750, 10
766195751, 9
766195752, 9
766195753, 9
766195754, 6
766195755, 2
766195756, 1
766195757, 4
766195758, 3
766195759, 9
766195760, 3
766195761, 3
766195762, 8
766195763, 9
766195764, 3
766195765, 1
766195766, 1
766195767, 6
766195768, 6
766195769, 0
766195770, 1
766195771, 3
766195772, 6
766195773, 6
766195774, 10
766195775, 6
766195776, 1
766195777, 5
766195778, 0
766195779, 0
766195780, 5
766195781, 5
766195782, 5
766195783, 0
766195784, 1
766195785, 3
766195786, 6
766195787, 0
766195788, 0
766195789, 3
766195790, 8
766195791, 10
766195792, 5
766195793, 6
766195794, 5
766195795, 10
766195796, 9
766195797, 8
766195798, 9
766195799, 0
766195800, 6
766195801, 0
766195802, 3
766195803, 3
766195804, 1
766195805, 6
766195806, 6
766195807, 6
766195808, 5
766195809, 1
766195810, 2
766195811, 1
766195812, 6
766195813, 8
766195814, 0
766195815, 6
766195816, 6
766195817, 8
766195818, 0
766195819, 9
766195820, 0
766195821, 6
766195822, 1
766195823, 6
766195824, 1
766195825, 6
766195826, 0
766195827, 1
766195828, 6
766195829, 5
766195830, 9
766195831, 8
766195832, 3
766195833, 3
766195834, 9
766195835, 3
766195836, 3
766195837, 8
766195838, 3
766195839, 3
766195840, 8
766195841, 1
766195842, 6
766195843, 3
766195844, 1
766195845, 6
766195846, 7
766195847, 1
766195848, 1
766195849, 10
766195850, 3
766195851, 1
766195852, 6
766195853, 5
766195854, 1
766195855, 1
766195856, 1
766195857, 6
766195858, 0
766195859, 0
766195860, 0
766195861, 6
766195862, 0
766195863, 5
766195864, 6
766195865, 5
766195866, 1
766195867, 5
766195868, 5
766195869, 0
766195870, 5
766195871, 3
766195872, 0
766195873, 5
766195874, 8
766195875, 6
766195876, 6
766195877, 5
766195878, 0
766195879, 8
766195880, 0
766195881, 1
766195882, 1
766195883, 10
766195884, 10
766195885, 1
766195886, 1
766195887, 1
766195888, 9
766195889, 6
766195890, 10
766195891, 0
766195892, 10
766195893, 10
766195894, 6
766195895, 1
766195896, 0
766195897, 0
766195898, 6
766195899, 3
766195900, 0
766195901, 5
766195902, 0
766195903, 0
766195904, 0
766195905, 5
766195906, 10
766195907, 5
766195908, 5
766195909, 2
766195910, 5
766195911, 1
766195912, 1
766195913, 1
766195914, 1
766195915, 6
766195916, 3
766195917, 1
766195918, 3
766195919, 6
766195920, 10
766195921, 5
766195922, 5
766195923, 0
766195924, 8
766195925, 5
766195926, 2
766195927, 0
766195928, 5
766195929, 3
766195930, 6
766195931, 3
766195932, 5
766195933, 1
766195934, 6
766195935, 6
766195936, 6
766195937, 6
766195938, 0
766195939, 1
766195940, 1
766195941, 6
766195942, 1
766195943, 6
766195944, 1
766195945, 6
766195946, 6
766195947, 10
766195948, 0
766195949, 2
766195950, 3
766195951, 1
766195952, 1
766195953, 1
766195954, 1
766195955, 1
766195956, 1
766195957, 1
766195958, 3
766195959, 6
766195960, 1
766195961, 6
766195962, 5
766195963, 3
766195964, 5
766195965, 8
766195966, 6
766195967, 1
766195968, 5
766195969, 0
766195970, 3
766195971, 6
766195972, 0
766195973, 1
766195974, 10
766195975, 3
766195976, 6
766195977, 0
766195978, 0
766195979, 8
766195980, 1
766195981, 6
766195982, 5
766195983, 9
766195984, 6
766195985, 3
766195986, 0
766195987, 10
766195988, 5
766195989, 9
766195990, 8
766195991, 10
766195992, 1
766195993, 3
766195994, 5
766195995, 1
766195996, 6
766195997, 1
766195998, 10
766195999, 3
766196000, 3
766196001, 1
766196002, 6
766196003, 8
766196004, 0
766196005, 10
766196006, 3
766196007, 3
766196008, 3
766196009, 2
766196010, 8
766196011, 8
766196012, 9
766196013, 8
766196014, 0
766196015, 3
766196016, 3
766196017, 0
766196018, 1
766196019, 5
766196020, 1
766196021, 5
766196022, 10
766196023, 1
766196024, 3
766196025, 2
766196026, 6
766196027, 1
766196028, 3
766196029, 1
766196030, 3
766196031, 1
766196032, 3
766196033, 3
766196034, 9
766196035, 2
766196036, 6
766196037, 6
766196038, 9
766196039, 6
766196040, 6
766196041, 1
766196042, 3
766196043, 1
766196044, 6
766196045, 0
766196046, 3
766196047, 1
766196048, 6
766196049, 1
766196050, 0
766196051, 1
766196052, 1
766196053, 1
766196054, 5
766196055, 1
766196056, 1
766196057, 6
766196058, 6
766196059, 1
766196060, 3
766196061, 1
766196062, 6
766196063, 6
766196064, 6
766196065, 1
766196066, 0
766196067, 3
766196068, 1
766196069, 9
766196070, 9
766196071, 1
766196072, 10
766196073, 6
766196074, 2
766196075, 1
766196076, 3
766196077, 6
766196078, 3
766196079, 0
766196080, 3
766196081, 0
766196082, 0
766196083, 1
766196084, 10
766196085, 1
766196086, 1
766196087, 1
766196088, 6
766196089, 3
766196090, 0
766196091, 1
766196092, 6
766196093, 1
766196094, 6
766196095, 3
766196096, 6
766196097, 5
766196098, 5
766196099, 1
766196100, 9
766196101, 6
766196102, 6
766196103, 3
766196104, 1
766196105, 8
766196106, 5
766196107, 3
766196108, 6
766196109, 6
766196110, 2
766196111, 10
766196112, 1
766196113, 9
766196114, 3
766196115, 9
766196116, 6
766196117, 5
766196118, 6
766196119, 3
766196120, 1
766196121, 6
766196122, 3
766196123, 10
766196124, 3
766196125, 8
766196126, 1
766196127, 5
766196128, 3
766196129, 3
766196130, 0
766196131, 6
766196132, 1
766196133, 0
766196134, 1
766196135, 10
766196136, 6
766196137, 3
766196138, 0
766196139, 6
766196140, 6
766196141, 1
766196142, 1
766196143, 2
766196144, 9
766196145, 9
766196146, 6
766196147, 0
766196148, 8
766196149, 2
766196150, 6
766196151, 0
766196152, 6
766196153, 0
766196154, 0
766196155, 3
766196156, 1
766196157, 6
766196158, 1
766196159, 8
766196160, 8
766196161, 6
766196162, 1
766196163, 1
766196164, 3
766196165, 1
766196166, 6
766196167, 1
766196168, 8
766196169, 5
766196170, 0
766196171, 0
766196172, 5
766196173, 3
766196174, 5
766196175, 2
766196176, 3
766196177, 3
766196178, 8
766196179, 3
766196180, 6
766196181, 3
766196182, 5
766196183, 5
766196184, 0
766196185, 0
766196186, 10
766196187, 6
766196188, 1
766196189, 5
766196190, 5
766196191, 3
766196192, 2
766196193, 3
766196194, 5
766196195, 5
766196196, 6
766196197, 6
766196198, 9
766196199, 5
766196200, 0
766196201, 5
766196202, 6
766196203, 6
766196204, 5
766196205, 6
766196206, 1
766196207, 1
766196208, 5
766196209, 6
766196210, 0
766196211, 6
766196212, 1
766196213, 0
766196214, 0
766196215, 3
766196216, 6
766196217, 1
766196218, 6
766196219, 6
766196220, 6
766196221, 1
766196222, 1
766196223, 3
766196224, 5
766196225, 6
766196226, 6
766196227, 1
766196228, 6
766196229, 6
766196230, 1
766196231, 1
766196232, 1
766196233, 6
766196234, 0
766196235, 6
766196236, 1
766196237, 6
766196238, 1
766196239, 1
766196240, 3
766196241, 8
766196242, 3
766196243, 6
766196244, 6
766196245, 6
766196246, 1
766196247, 6
766196248, 3
766196249, 1
766196250, 10
766196251, 8
766196252, 6
766196253, 1
766196254, 8
766196255, 1
766196256, 1
766196257, 8
766196258, 1
766196259, 6
766196260, 1
766196261, 1
766196262, 1
766196263, 1
766196264, 3
766196265, 1
766196266, 6
766196267, 6
766196268, 6
766196269, 10
766196270, 1
766196271, 10
766196272, 6
766196273, 0
766196274, 5
766196275, 1
766196276, 0
766196277, 3
766196278, 1
766196279, 1
766196280, 1
766196281, 1
766196282, 1
766196283, 3
766196284, 3
766196285, 5
766196286, 3
766196287, 1
766196288, 1
766196289, 1
766196290, 0
766196291, 1
766196292, 1
766196293, 0
766196294, 10
766196295, 3
766196296, 6
766196297, 1
766196298, 0
766196299, 1
766196300, 1
766196301, 0
766196302, 1
766196303, 1
766196304, 10
766196305, 6
766196306, 1
766196307, 6
766196308, 10
766196309, 1
766196310, 6
766196311, 1
766196312, 1
766196313, 0
766196314, 5
766196315, 5
766196316, 0
766196317, 6
766196318, 1
766196319, 8
766196320, 5
766196321, 9
766196322, 3
766196323, 8
766196324, 9
766196325, 2
766196326, 9
766196327, 5
766196328, 0
766196329, 1
766196330, 1
766196331, 0
766196332, 1
766196333, 3
766196334, 2
766196335, 4
766196336, 0
766196337, 1
766196338, 5
766196339, 10
766196340, 10
766196341, 10
766196342, 8
766196343, 5
766196344, 5
766196345, 6
766196346, 8
766196347, 4
766196348, 1
766196349, 5
766196350, 5
766196351, 10
766196352, 8
766196353, 6
766196354, 0
766196355, 1
766196356, 3
766196357, 1
766196358, 1
766196359, 0
766196360, 1
766196361, 6
766196362, 1
766196363, 6
766196364, 1
766196365, 1
766196366, 2
766196367, 1
766196368, 0
766196369, 9
766196370, 5
766196371, 4
766196372, 1
766196373, 1
766196374, 0
766196375, 6
766196376, 6
766196377, 1
766196378, 3
766196379, 5
766196380, 1
766196381, 6
766196382, 1
766196383, 8
766196384, 3
766196385, 8
766196386, 0
766196387, 6
766196388, 3
766196389, 1
766196390, 5
766196391, 6
766196392, 1
766196393, 1
766196394, 0
766196395, 1
766196396, 6
766196397, 3
766196398, 1
766196399, 6
766196400, 1
766196401, 6
766196402, 0
766196403, 6
766196404, 1
766196405, 6
766196406, 1
766196407, 6
766196408, 1
766196409, 1
766196410, 6
766196411, 1
766196412, 6
766196413, 1
766196414, 1
766196415, 6
766196416, 6
766196417, 1
766196418, 5
766196419, 1
766196420, 0
766196421, 2
766196422, 3
766196423, 1
766196424, 1
766196425, 8
766196426, 8
766196427, 5
766196428, 3
766196429, 5
766196430, 5
766196431, 8
766196432, 9
766196433, 8
766196434, 6
766196435, 6
766196436, 1
766196437, 3
766196438, 1
766196439, 0
766196440, 1
766196441, 1
766196442, 3
766196443, 6
766196444, 6
766196445, 1
766196446, 6
766196447, 5
766196448, 6
766196449, 1
766196450, 6
766196451, 1
766196452, 1
766196453, 5
766196454, 8
766196455, 1
766196456, 1
766196457, 1
766196458, 3
766196459, 0
766196460, 1
766196461, 1
766196462, 6
766196463, 6
766196464, 0
766196465, 6
766196466, 6
766196467, 6
766196468, 5
766196469, 6
766196470, 2
766196471, 1
766196472, 0
766196473, 6
766196474, 1
766196475, 5
766196476, 6
766196477, 1
766196478, 6
766196479, 0
766196480, 6
766196481, 6
766196482, 1
766196483, 6
766196484, 5
766196485, 0
766196486, 0
766196487, 0
766196488, 8
766196489, 0
766196490, 6
766196491, 8
766196492, 6
766196493, 5
766196494, 6
766196495, 1
766196496, 3
766196497, 3
766196498, 5
766196499, 1
766196500, 0
766196501, 6
766196502, 1
766196503, 10
766196504, 0
766196505, 1
766196506, 6
766196507, 1
766196508, 0
766196509, 10
766196510, 3
766196511, 3
766196512, 1
766196513, 1
766196514, 6
766196515, 0
766196516, 1
766196517, 6
766196518, 6
766196519, 3
766196520, 3
766196521, 6
766196522, 8
766196523, 1
766196524, 3
766196525, 6
766196526, 0
766196527, 8
766196528, 6
766196529, 10
766196530, 1
766196531, 6
766196532, 6
766196533, 6
766196534, 1
766196535, 3
766196536, 6
766196537, 5
766196538, 0
766196539, 5
766196540, 0
766196541, 0
766196542, 5
766196543, 0
766196544, 3
766196545, 10
766196546, 6
766196547, 6
766196548, 10
766196549, 1
766196550, 0
766196551, 3
766196552, 0
766196553, 6
766196554, 5
766196555, 0
766196556, 9
766196557, 10
766196558, 1
766196559, 6
766196560, 10
766196561, 6
766196562, 5
766196563, 9
766196564, 6
766196565, 1
766196566, 1
766196567, 1
766196568, 0
766196569, 0
766196570, 3
766196571, 6
766196572, 5
766196573, 6
766196574, 6
766196575, 10
766196576, 1
766196577, 5
766196578, 0
766196579, 6
766196580, 1
766196581, 0
766196582, 5
766196583, 6
766196584, 3
766196585, 3
766196586, 3
766196587, 9
766196588, 5
766196589, 8
766196590, 1
766196591, 0
766196592, 3
766196593, 2
766196594, 3
766196595, 0
766196596, 0
766196597, 6
766196598, 2
766196599, 3
766196600, 5
766196601, 5
766196602, 6
766196603, 5
766196604, 3
766196605, 6
766196606, 0
766196607, 5
766196608, 6
766196609, 6
766196610, 1
766196611, 6
766196612, 1
766196613, 1
766196614, 0
766196615, 6
766196616, 1
766196617, 0
766196618, 5
766196619, 0
766196620, 0
766196621, 5
766196622, 1
766196623, 10
766196624, 1
766196625, 1
766196626, 5
766196627, 0
766196628, 5
766196629, 0
766196630, 0
766196631, 5
766196632, 3
766196633, 1
766196634, 8
766196635, 3
766196636, 6
766196637, 2
766196638, 5
766196639, 1
766196640, 5
766196641, 3
766196642, 2
766196643, 3
766196644, 9
766196645, 6
766196646, 6
766196647, 1
766196648, 3
766196649, 0
766196650, 5
766196651, 0
766196652, 5
766196653, 5
766196654, 1
766196655, 1
766196656, 1
766196657, 3
766196658, 0
766196659, 6
766196660, 1
766196661, 0
766196662, 3
766196663, 3
766196664, 6
766196665, 5
766196666, 6
766196667, 1
766196668, 3
766196669, 1
766196670, 10
766196671, 3
766196672, 1
766196673, 3
766196674, 3
766196675, 1
766196676, 5
766196677, 1
766196678, 5
766196679, 0
766196680, 5
766196681, 0
766196682, 1
766196683, 5
766196684, 6
766196685, 1
766196686, 1
766196687, 3
766196688, 8
766196689, 5
766196690, 1
766196691, 3
766196692, 5
766196693, 3
766196694, 3
766196695, 3
766196696, 8
766196697, 8
766196698, 3
766196699, 6
766196700, 3
766196701, 5
766196702, 5
766196703, 1
766196704, 5
766196705, 7
766196706, 5
766196707, 1
766196708, 8
766196709, 1
766196710, 9
766196711, 3
766196712, 10
766196713, 8
766196714, 10
766196715, 3
766196716, 8
766196717, 4
766196718, 2
766196719, 1
766196720, 0
766196721, 3
766196722, 5
766196723, 7
766196724, 7
766196725, 4
766196726, 7
766196727, 7
766196728, 8
766196729, 7
766196730, 7
766196731, 7
766196732, 1
766196733, 1
766196734, 0
766196735, 1
766196736, 4
766196737, 6
766196738, 0
766196739, 9
766196740, 3
766196741, 9
766196742, 9
766196743, 0
766196744, 6
766196745, 5
766196746, 6
766196747, 1
766196748, 1
766196749, 0
766196750, 3
766196751, 9
766196752, 6
766196753, 6
766196754, 10
766196755, 3
766196756, 0
766196757, 9
766196758, 6
766196759, 0
766196760, 2
766196761, 3
766196762, 1
766196763, 5
766196764, 0
766196765, 8
766196766, 1
766196767, 1
766196768, 3
766196769, 10
766196770, 3
766196771, 5
766196772, 6
766196773, 1
766196774, 0
766196775, 1
766196776, 1
766196777, 6
766196778, 6
766196779, 1
766196780, 3
766196781, 6
766196782, 0
766196783, 5
766196784, 1
766196785, 1
766196786, 0
766196787, 6
766196788, 6
766196789, 6
766196790, 0
766196791, 5
766196792, 1
766196793, 1
766196794, 0
766196795, 0
766196796, 1
766196797, 0
766196798, 5
766196799, 2
766196800, 1
766196801, 1
766196802, 0
766196803, 10
766196804, 1
766196805, 6
766196806, 3
766196807, 3
766196808, 5
766196809, 8
766196810, 3
766196811, 9
766196812, 9
766196813, 6
766196814, 0
766196815, 9
766196816, 9
766196817, 10
766196818, 7
766196819, 10
766196820, 10
766196821, 7
766196822, 7
766196823, 9
766196824, 2
766196825, 7
766196826, 9
766196827, 2
766196828, 2
766196829, 9
766196830, 7
766196831, 5
766196832, 9
766196833, 9
766196834, 5
766196835, 10
766196836, 3
766196837, 7
766196838, 2
766196839, 2
766196840, 3
766196841, 2
766196842, 0
766196843, 2
766196844, 7
766196845, 7
766196846, 9
766196847, 9
766196848, 8
766196849, 9
766196850, 9
766196851, 9
766196852, 9
766196853, 9
766196854, 5
766196855, 1
766196856, 1
766196857, 3
766196858, 6
766196859, 6
766196860, 1
766196861, 0
766196862, 5
766196863, 6
766196864, 6
766196865, 0
766196866, 6
766196867, 1
766196868, 0
766196869, 0
766196870, 3
766196871, 9
766196872, 6
766196873, 5
766196874, 9
766196875, 8
766196876, 5
766196877, 0
766196878, 8
766196879, 3
766196880, 3
766196881, 3
766196882, 8
766196883, 3
766196884, 3
766196885, 2
766196886, 6
766196887, 1
766196888, 6
766196889, 6
766196890, 6
766196891, 1
766196892, 1
766196893, 10
766196894, 1
766196895, 6
766196896, 10
766196897, 6
766196898, 1
766196899, 1
766196900, 0
766196901, 8
766196902, 10
766196903, 1
766196904, 6
766196905, 10
766196906, 3
766196907, 5
766196908, 10
766196909, 9
766196910, 6
766196911, 1
766196912, 3
766196913, 5
766196914, 8
766196915, 5
766196916, 3
766196917, 3
766196918, 2
766196919, 0
766196920, 5
766196921, 6
766196922, 6
766196923, 1
766196924, 1
766196925, 6
766196926, 1
766196927, 10
766196928, 6
766196929, 1
766196930, 6
766196931, 0
766196932, 5
766196933, 6
766196934, 3
766196935, 3
766196936, 5
766196937, 8
766196938, 3
766196939, 1
766196940, 5
766196941, 0
766196942, 2
766196943, 9
766196944, 5
766196945, 6
766196946, 5
766196947, 6
766196948, 8
766196949, 5
766196950, 5
766196951, 1
766196952, 6
766196953, 6
766196954, 1
766196955, 3
766196956, 10
766196957, 1
766196958, 5
766196959, 0
766196960, 6
766196961, 5
766196962, 1
766196963, 3
766196964, 0
766196965, 3
766196966, 0
766196967, 8
766196968, 6
766196969, 8
766196970, 0
766196971, 0
766196972, 0
766196973, 6
766196974, 1
766196975, 5
766196976, 6
766196977, 6
766196978, 1
766196979, 1
766196980, 1
766196981, 1
766196982, 3
766196983, 0
766196984, 1
766196985, 5
766196986, 1
766196987, 1
766196988, 1
766196989, 0
766196990, 3
766196991, 6
766196992, 1
766196993, 6
766196994, 6
766196995, 1
766196996, 3
766196997, 1
766196998, 1
766196999, 8
766197000, 8
766197001, 1
766197002, 1
766197003, 1
766197004, 1
766197005, 1
766197006, 9
766197007, 1
766197008, 8
766197009, 8
766197010, 1
766197011, 1
766197012, 1
766197013, 1
766197014, 1
766197015, 1
766197016, 1
766197017, 1
766197018, 0
766197019, 3
766197020, 6
766197021, 0
766197022, 3
766197023, 5
766197024, 5
766197025, 2
766197026, 7
766197027, 2
766197028, 6
766197029, 7
766197030, 6
766197031, 10
766197032, 6
766197033, 1
766197034, 2
766197035, 2
766197036, 10
766197037, 2
766197038, 4
766197039, 6
766197040, 0
766197041, 9
766197042, 0
766197043, 2
766197044, 2
766197045, 6
766197046, 6
766197047, 5
766197048, 5
766197049, 6
766197050, 5
766197051, 0
766197052, 8
766197053, 3
766197054, 8
766197055, 8
766197056, 0
766197057, 6
766197058, 6
766197059, 1
766197060, 1
766197061, 1
766197062, 6
766197063, 1
766197064, 9
766197065, 6
766197066, 1
766197067, 3
766197068, 3
766197069, 8
766197070, 5
766197071, 3
766197072, 6
766197073, 2
766197074, 2
766197075, 8
766197076, 5
766197077, 5
766197078, 0
766197079, 6
766197080, 1
766197081, 1
766197082, 0
766197083, 0
766197084, 1
766197085, 3
766197086, 3
766197087, 2
766197088, 1
766197089, 9
766197090, 0
766197091, 6
766197092, 1
766197093, 8
766197094, 1
766197095, 8
766197096, 5
766197097, 3
766197098, 5
766197099, 1
766197100, 3
766197101, 3
766197102, 1
766197103, 1
766197104, 5
766197105, 5
766197106, 9
766197107, 6
766197108, 10
766197109, 3
766197110, 2
766197111, 3
766197112, 6
766197113, 1
766197114, 6
766197115, 1
766197116, 1
766197117, 5
766197118, 1
766197119, 3
766197120, 8
766197121, 8
766197122, 3
766197123, 3
766197124, 10
766197125, 6
766197126, 10
766197127, 0
766197128, 10
766197129, 0
766197130, 1
766197131, 10
766197132, 1
766197133, 3
766197134, 6
766197135, 5
766197136, 5
766197137, 0
766197138, 5
766197139, 6
766197140, 0
766197141, 6
766197142, 5
766197143, 8
766197144, 10
766197145, 10
766197146, 6
766197147, 0
766197148, 8
766197149, 5
766197150, 5
766197151, 1
766197152, 8
766197153, 6
766197154, 6
766197155, 1
766197156, 1
766197157, 6
766197158, 0
766197159, 10
766197160, 6
766197161, 1
766197162, 3
766197163, 3
766197164, 1
766197165, 3
766197166, 3
766197167, 8
766197168, 3
766197169, 3
766197170, 0
766197171, 6
766197172, 3
766197173, 9
766197174, 6
766197175, 3
766197176, 0
766197177, 10
766197178, 9
766197179, 2
766197180, 6
766197181, 3
766197182, 9
766197183, 8
766197184, 6
766197185, 0
766197187, 9
766197188, 3
766197189, 3
766197190, 2
766197191, 5
766197192, 1
766197193, 3
766197194, 1
766197195, 5
766197196, 10
766197197, 2
766197198, 6
766197199, 6
766197200, 3
766197201, 6
766197202, 1
766197203, 1
766197204, 8
766197205, 6
766197206, 1
766197207, 0
766197208, 3
766197209, 3
766197210, 3
766197211, 6
766197212, 0
766197213, 5
766197214, 7
766197215, 1
766197216, 5
766197217, 3
766197218, 9
766197219, 5
766197220, 8
766197221, 1
766197222, 1
766197223, 0
766197224, 5
766197225, 1
766197226, 0
766197227, 6
766197228, 6
766197229, 5
766197230, 1
766197231, 1
766197232, 5
766197233, 6
766197234, 5
766197235, 6
766197236, 3
766197237, 9
766197238, 10
766197239, 0
766197240, 5
766197241, 5
766197242, 1
766197243, 5
766197244, 3
766197245, 0
766197246, 1
766197247, 6
766197248, 0
766197249, 6
766197250, 3
766197251, 3
766197252, 0
766197253, 0
766197254, 10
766197255, 6
766197256, 3
766197257, 6
766197258, 1
766197259, 6
766197260, 6
766197261, 8
766197262, 1
766197263, 3
766197264, 5
766197265, 1
766197266, 1
766197267, 0
766197268, 3
766197269, 9
766197270, 1
766197271, 1
766197272, 1
766197273, 1
766197274, 8
766197275, 4
766197276, 2
766197277, 1
766197278, 6
766197279, 9
766197280, 5
766197281, 1
766197282, 0
766197283, 3
766197284, 1
766197285, 1
766197286, 1
766197287, 0
766197288, 3
766197289, 1
766197290, 5
766197291, 5
766197292, 1
766197293, 8
766197294, 6
766197295, 1
766197296, 3
766197297, 5
766197298, 1
766197299, 6
766197300, 1
766197301, 1
766197302, 1
766197303, 6
766197304, 0
766197305, 0
766197306, 9
766197307, 2
766197308, 3
766197309, 1
766197310, 9
766197311, 5
766197312, 3
766197313, 9
766197314, 6
766197315, 6
766197316, 1
766197317, 10
766197318, 6
766197319, 1
766197320, 6
766197321, 1
766197322, 1
766197323, 10
766197324, 10
766197325, 3
766197326, 1
766197327, 6
766197328, 1
766197329, 1
766197330, 3
766197331, 1
766197332, 0
766197333, 9
766197334, 3
766197335, 9
766197336, 8
766197337, 1
766197338, 5
766197339, 0
766197340, 3
766197341, 1
766197342, 10
766197343, 1
766197344, 10
766197345, 5
766197346, 1
766197347, 10
766197348, 6
766197349, 6
766197350, 1
766197351, 0
766197352, 5
766197353, 5
766197354, 1
766197355, 6
766197356, 1
766197357, 3
766197358, 0
766197359, 5
766197360, 1
766197361, 3
766197362, 6
766197363, 5
766197364, 0
766197365, 0
766197366, 5
766197367, 6
766197368, 3
766197369, 1
766197370, 6
766197371, 6
766197372, 3
766197373, 3
766197374, 1
766197375, 6
766197376, 1
766197377, 6
766197378, 5
766197379, 9
766197380, 5
766197381, 1
766197382, 3
766197383, 1
766197384, 6
766197385, 6
766197386, 3
766197387, 5
766197388, 6
766197389, 6
766197390, 5
766197391, 6
766197392, 1
766197393, 1
766197394, 0
766197395, 6
766197396, 1
766197397, 6
766197398, 0
766197399, 1
766197400, 5
766197401, 3
766197402, 10
766197403, 3
766197404, 4
766197405, 9
766197406, 5
766197407, 1
766197408, 8
766197409, 5
766197410, 10
766197411, 8
766197412, 0
766197413, 6
766197414, 6
766197415, 10
766197416, 1
766197417, 1
766197418, 10
766197419, 1
766197420, 1
766197421, 8
766197422, 1
766197423, 3
766197424, 8
766197425, 1
766197426, 1
766197427, 6
766197428, 3
766197429, 3
766197430, 3
766197431, 0
766197432, 8
766197433, 6
766197434, 3
766197435, 9
766197436, 3
766197437, 0
766197438, 3
766197439, 0
766197440, 0
766197441, 0
766197442, 0
766197443, 0
766197444, 1
766197445, 0
766197446, 5
766197447, 6
766197448, 1
766197449, 5
766197450, 1
766197451, 0
766197452, 3
766197453, 1
766197454, 1
766197455, 3
766197456, 0
766197457, 1
766197458, 1
766197459, 3
766197460, 8
766197461, 3
766197462, 3
766197463, 1
766197464, 6
766197465, 1
766197466, 6
766197467, 1
766197468, 5
766197469, 1
766197470, 10
766197471, 6
766197472, 6
766197473, 6
766197474, 1
766197475, 2
766197476, 9
766197477, 1
766197478, 0
766197479, 6
766197480, 6
766197481, 1
766197482, 6
766197483, 1
766197484, 1
766197485, 0
766197486, 0
